<?xml version="1.0" encoding="utf-8"?>
<LibraryOptions xmlns:xsi="http://www.w3.org/2001/XMLSchema-instance" xmlns:xsd="http://www.w3.org/2001/XMLSchema">
  <EnablePhotos>true</EnablePhotos>
  <EnableRealtimeMonitor>true</EnableRealtimeMonitor>
  <EnableChapterImageExtraction>false</EnableChapterImageExtraction>
  <ExtractChapterImagesDuringLibraryScan>false</ExtractChapterImagesDuringLibraryScan>
  <PathInfos>
    <MediaPathInfo>
      <Path>/Media/Photos/—/Recents</Path>
    </MediaPathInfo>
  </PathInfos>
  <SaveLocalMetadata>false</SaveLocalMetadata>
  <EnableAutomaticSeriesGrouping>false</EnableAutomaticSeriesGrouping>
  <EnableEmbeddedTitles>false</EnableEmbeddedTitles>
  <EnableEmbeddedEpisodeInfos>false</EnableEmbeddedEpisodeInfos>
  <AutomaticRefreshIntervalDays>0</AutomaticRefreshIntervalDays>
  <PreferredMetadataLanguage />
  <MetadataCountryCode />
  <SeasonZeroDisplayName>Specials</SeasonZeroDisplayName>
  <MetadataSavers />
  <DisabledLocalMetadataReaders />
  <LocalMetadataReaderOrder>
    <string>Nfo</string>
  </LocalMetadataReaderOrder>
  <DisabledSubtitleFetchers />
  <SubtitleFetcherOrder />
  <SkipSubtitlesIfEmbeddedSubtitlesPresent>false</SkipSubtitlesIfEmbeddedSubtitlesPresent>
  <SkipSubtitlesIfAudioTrackMatches>false</SkipSubtitlesIfAudioTrackMatches>
  <SubtitleDownloadLanguages />
  <RequirePerfectSubtitleMatch>true</RequirePerfectSubtitleMatch>
  <SaveSubtitlesWithMedia>true</SaveSubtitlesWithMedia>
  <AutomaticallyAddToCollection>false</AutomaticallyAddToCollection>
  <AllowEmbeddedSubtitles>AllowAll</AllowEmbeddedSubtitles>
  <TypeOptions>
    <TypeOptions>
      <Type>Video</Type>
      <MetadataFetchers />
      <MetadataFetcherOrder />
      <ImageFetchers>
        <string>Embedded Image Extractor</string>
        <string>Screen Grabber</string>
      </ImageFetchers>
      <ImageFetcherOrder>
        <string>Embedded Image Extractor</string>
        <string>Screen Grabber</string>
      </ImageFetcherOrder>
      <ImageOptions />
    </TypeOptions>
  </TypeOptions>
</LibraryOptions>