<?xml version="1.0" encoding="utf-8"?>
<LibraryOptions xmlns:xsi="http://www.w3.org/2001/XMLSchema-instance" xmlns:xsd="http://www.w3.org/2001/XMLSchema">
  <EnablePhotos>true</EnablePhotos>
  <EnableRealtimeMonitor>true</EnableRealtimeMonitor>
  <EnableChapterImageExtraction>false</EnableChapterImageExtraction>
  <ExtractChapterImagesDuringLibraryScan>false</ExtractChapterImagesDuringLibraryScan>
  <PathInfos>
    <MediaPathInfo>
      <Path>/Media/Anime</Path>
    </MediaPathInfo>
  </PathInfos>
  <SaveLocalMetadata>true</SaveLocalMetadata>
  <EnableAutomaticSeriesGrouping>true</EnableAutomaticSeriesGrouping>
  <EnableEmbeddedTitles>false</EnableEmbeddedTitles>
  <EnableEmbeddedEpisodeInfos>false</EnableEmbeddedEpisodeInfos>
  <AutomaticRefreshIntervalDays>0</AutomaticRefreshIntervalDays>
  <PreferredMetadataLanguage />
  <MetadataCountryCode />
  <SeasonZeroDisplayName>Specials</SeasonZeroDisplayName>
  <MetadataSavers />
  <DisabledLocalMetadataReaders />
  <LocalMetadataReaderOrder>
    <string>Nfo</string>
  </LocalMetadataReaderOrder>
  <DisabledSubtitleFetchers />
  <SubtitleFetcherOrder />
  <SkipSubtitlesIfEmbeddedSubtitlesPresent>false</SkipSubtitlesIfEmbeddedSubtitlesPresent>
  <SkipSubtitlesIfAudioTrackMatches>false</SkipSubtitlesIfAudioTrackMatches>
  <SubtitleDownloadLanguages />
  <RequirePerfectSubtitleMatch>true</RequirePerfectSubtitleMatch>
  <SaveSubtitlesWithMedia>true</SaveSubtitlesWithMedia>
  <AutomaticallyAddToCollection>false</AutomaticallyAddToCollection>
  <AllowEmbeddedSubtitles>AllowAll</AllowEmbeddedSubtitles>
  <TypeOptions>
    <TypeOptions>
      <Type>Series</Type>
      <MetadataFetchers>
        <string>AniList</string>
        <string>AniDB</string>
        <string>Missing Episode Fetcher</string>
        <string>TheTVDB</string>
        <string>TheMovieDb</string>
        <string>The Open Movie Database</string>
      </MetadataFetchers>
      <MetadataFetcherOrder>
        <string>AniList</string>
        <string>AniDB</string>
        <string>Missing Episode Fetcher</string>
        <string>TheTVDB</string>
        <string>TheMovieDb</string>
        <string>The Open Movie Database</string>
      </MetadataFetcherOrder>
      <ImageFetchers>
        <string>AniDB</string>
        <string>AniList</string>
        <string>TheTVDB</string>
        <string>TheMovieDb</string>
      </ImageFetchers>
      <ImageFetcherOrder>
        <string>AniDB</string>
        <string>AniList</string>
        <string>TheTVDB</string>
        <string>TheMovieDb</string>
      </ImageFetcherOrder>
      <ImageOptions />
    </TypeOptions>
    <TypeOptions>
      <Type>Season</Type>
      <MetadataFetchers>
        <string>AniDB</string>
        <string>TheMovieDb</string>
      </MetadataFetchers>
      <MetadataFetcherOrder>
        <string>AniDB</string>
        <string>TheMovieDb</string>
      </MetadataFetcherOrder>
      <ImageFetchers>
        <string>AniDB</string>
        <string>AniList</string>
        <string>TheTVDB</string>
        <string>TheMovieDb</string>
      </ImageFetchers>
      <ImageFetcherOrder>
        <string>AniDB</string>
        <string>AniList</string>
        <string>TheTVDB</string>
        <string>TheMovieDb</string>
      </ImageFetcherOrder>
      <ImageOptions />
    </TypeOptions>
    <TypeOptions>
      <Type>Episode</Type>
      <MetadataFetchers>
        <string>AniDB</string>
        <string>TheTVDB</string>
        <string>TheMovieDb</string>
        <string>The Open Movie Database</string>
      </MetadataFetchers>
      <MetadataFetcherOrder>
        <string>AniDB</string>
        <string>TheTVDB</string>
        <string>TheMovieDb</string>
        <string>The Open Movie Database</string>
      </MetadataFetcherOrder>
      <ImageFetchers>
        <string>TheTVDB</string>
        <string>TheMovieDb</string>
        <string>The Open Movie Database</string>
        <string>Embedded Image Extractor</string>
        <string>Screen Grabber</string>
      </ImageFetchers>
      <ImageFetcherOrder>
        <string>TheTVDB</string>
        <string>TheMovieDb</string>
        <string>The Open Movie Database</string>
        <string>Embedded Image Extractor</string>
        <string>Screen Grabber</string>
      </ImageFetcherOrder>
      <ImageOptions />
    </TypeOptions>
  </TypeOptions>
</LibraryOptions>